PlayerID,TeamID,FirstName,LastName,Number,Birthday,Position
1,15,Jose,Millins,51,1990-07-09,CF
2,2,Esta,Jzak,45,2000-10-01,LF
3,15,Howard,Treffry,1,1996-05-28,CF
4,29,Lexie,Barrat,25,1989-10-31,LF
5,14,Maison,Melmar,66,1992-03-02,RF
6,15,Sioux,Heinl,32,1990-05-27,P
7,17,Gwenni,Woolbrook,12,2000-02-05,3B
8,28,Christy,Biggins,15,1985-04-03,3B
9,12,Sutton,Goodinson,21,1998-05-11,3B
10,30,Kelci,Tenman,39,2001-07-06,1B
11,25,Darnall,Cleary,75,1982-06-27,1B
12,5,Caryl,Abbys,38,1983-05-29,P
13,13,Haven,Fallowfield,85,1984-02-25,RF
14,22,Dorine,Albert,77,1983-06-08,P
15,3,Audy,Bougourd,38,1981-06-20,P
16,10,Gray,Derl,18,1988-03-27,SS
17,25,Antoni,Mantione,4,1999-04-09,LF
18,21,Payton,Ferrara,41,1998-02-07,CF
19,20,Dud,Speeding,15,1983-06-29,2B
20,22,Quinlan,Ratchford,37,1983-11-16,RF
21,19,Avis,Glassford,3,2002-07-18,1B
22,10,Cobby,Plaschke,79,2001-11-20,P
23,30,Tedmund,Craydon,33,1986-05-18,RF
24,24,Emma,Swale,1,1984-04-24,2B
25,18,Trude,Weekes,17,1993-07-01,2B
26,26,Binni,Colwill,10,1985-03-29,2B
27,21,Welch,Zmitruk,94,2001-12-13,RF
28,17,Verne,Udale,17,1997-01-08,SS
29,14,Corbie,Pevie,2,1995-06-04,LF
30,4,Victoir,Faulconbridge,32,1995-06-04,LF
31,28,Betty,Sapwell,69,1992-12-01,CF
32,4,Maurise,Sorrel,60,2000-09-16,2B
33,14,Gan,Lahrs,56,1989-09-28,SS
34,1,Nesta,Robertazzi,21,1981-02-04,2B
35,11,Nicolas,Le Marquis,90,2002-07-08,LF
36,23,Steward,Matson,90,1990-03-27,2B
37,11,Birch,Tappington,94,1988-10-15,C
38,24,Stafani,McParland,90,2001-03-20,LF
39,1,Rachele,Penhaleurack,94,1980-10-18,SS
40,7,Alessandra,Champneys,60,1996-08-10,RF
41,20,Westbrooke,McGinly,88,1996-10-15,CF
42,14,Rene,Golda,10,1995-12-20,CF
43,24,Sidonnie,Osan,96,1988-08-26,1B
44,5,Revkah,Meake,97,1985-02-16,3B
45,22,Reyna,Lockhurst,23,1987-04-11,SS
46,6,Zachary,Hutsby,23,1984-06-21,CF
47,24,Marthena,Hewson,10,1999-11-05,RF
48,8,Barrett,Plastow,49,1996-03-10,RF
49,5,Loni,Johanssen,97,1991-09-15,P
50,30,Wallace,Greenall,36,1983-03-09,2B
51,10,Edward,Andretti,74,1989-10-15,SS
52,5,Ruben,Brodnecke,54,2001-03-30,C
53,18,Sharona,Dedman,3,1985-07-27,SS
54,20,Laurette,Grinley,89,2000-03-28,3B
55,18,Nerta,Message,72,1980-11-11,LF
56,24,Fanni,Le Friec,61,1987-04-08,C
57,4,Floyd,Cutcliffe,89,1994-01-25,2B
58,30,Luigi,McKendry,38,1999-02-15,SS
59,5,D'arcy,Coggon,77,1998-05-23,1B
60,27,Patrizio,Stepto,69,1984-06-09,2B
61,21,Stanly,Copnell,56,1993-09-03,P
62,24,Eduard,Laroze,49,1984-04-13,C
63,9,Claudie,Cuddihy,64,1988-01-11,CF
64,13,Hobey,Sainthill,27,2001-06-22,1B
65,20,Eudora,Copcote,75,1985-01-21,C
66,7,Debby,Margach,23,1994-04-25,CF
67,6,Cherey,Boullen,16,1980-02-22,LF
68,20,Galven,Bills,92,2002-10-06,P
69,18,Dorolice,Earengey,6,1984-01-07,1B
70,7,Jillian,Cabrer,80,1992-07-08,SS
71,9,Natty,Huitson,54,1986-06-23,2B
72,7,Alair,Clouter,67,1987-11-16,CF
73,18,Harmon,Attenbrough,65,1980-07-15,1B
74,16,Yurik,Schimke,52,1982-05-31,LF
75,8,Andrus,Greystock,18,1981-03-31,1B
76,17,Waylin,Ascraft,68,1989-06-06,LF
77,14,Eunice,De La Haye,86,1995-09-07,1B
78,10,Abbi,Leacock,64,1983-01-12,CF
79,23,Ally,McRorie,3,1986-03-06,P
80,14,Duffie,Glinde,78,1981-03-07,C
81,1,Putnem,Pepis,21,1985-07-30,1B
82,20,Dane,Clulow,49,1980-10-15,CF
83,13,Emlyn,Longmead,8,1995-04-03,2B
84,13,Hugibert,McGrale,30,1995-10-10,C
85,9,Mack,Antoney,54,1993-07-08,1B
86,16,Clio,Ricardin,97,1984-01-06,P
87,2,Jacquenette,Jeffree,75,1987-10-26,RF
88,27,Tamiko,Middell,59,1990-09-09,SS
89,13,Sylvester,MacConnal,58,1993-06-29,2B
90,23,Morgan,Canning,1,1989-12-17,LF
91,7,Tawsha,Folliott,66,1983-11-12,C
92,9,Diahann,Noyce,44,1995-04-14,P
93,26,Hobard,Egle,38,1984-04-26,CF
94,26,Onfroi,Nurse,89,2000-10-19,LF
95,25,Padraig,Dowles,90,2002-03-03,LF
96,3,Had,Loutheane,7,1997-03-19,2B
97,19,Bill,Matusov,25,1998-01-26,P
98,3,Jeremy,Branston,10,1996-01-31,RF
99,26,Jackqueline,Jeayes,87,1994-07-25,CF
100,8,Halley,Dourin,55,1995-02-24,P
101,6,Maia,Leavold,58,1981-10-01,P
102,9,Waylen,Davies,89,1996-10-18,P
103,18,Conchita,Ivanyukov,90,1989-08-11,LF
104,30,Terrel,Annott,93,1983-09-15,LF
105,10,Phedra,Birrane,77,1986-03-19,C
106,8,Terry,Skelington,14,1995-01-05,CF
107,16,Willis,Takis,61,1999-02-14,RF
108,12,Wendell,Dellatorre,89,1993-01-23,C
109,13,Wakefield,Kiledal,4,1985-11-10,CF
110,23,Olia,Pizzie,12,1984-10-28,P
111,22,Vikki,Cookley,78,1986-11-11,3B
112,6,Cullie,Wallington,17,1982-09-14,P
113,8,Anabel,Armatidge,46,1981-04-19,3B
114,22,Tresa,Dayton,35,1999-12-05,SS
115,13,Jacki,Dickins,25,1999-12-22,LF
116,27,Sybilla,Gonnet,48,1998-07-28,C
117,21,Jesus,Mc Curlye,45,1980-01-22,P
118,1,Tricia,Le Friec,76,1991-08-27,1B
119,19,Reese,Blincowe,13,1991-10-25,SS
120,11,Jennine,Heiton,70,1991-10-16,CF
121,19,Christa,Aleksankov,9,1984-07-07,CF
122,7,Melina,Pigott,65,1996-02-04,C
123,10,Edlin,Faucherand,60,1993-02-12,3B
124,21,Bree,Traite,95,1995-05-26,LF
125,2,Jens,MacGuffie,61,1983-12-27,2B
126,18,Ardine,Bointon,61,2001-07-13,LF
127,22,Ranique,Thaine,51,1999-08-03,RF
128,23,Ira,Mazzia,86,1992-08-15,C
129,7,Holt,Binch,19,1988-07-20,P
130,9,Tate,Sandey,79,1997-09-27,3B
131,14,Ravi,Dominicacci,5,1987-11-20,2B
132,21,Bonita,Hassan,99,1992-06-15,C
133,21,Wilmar,Wheldon,46,1996-10-22,3B
134,28,Isador,Choake,57,1980-02-15,RF
135,1,Bryant,Vaskov,30,1992-09-08,1B
136,4,Avrom,Swin,97,1992-11-30,3B
137,22,Nicky,Valdes,79,1985-09-24,1B
138,13,Lanie,Marple,57,1985-05-19,LF
139,2,Aurelia,Purcer,18,1984-07-27,3B
140,29,Ado,Lashley,23,1983-11-27,3B
141,25,Odelle,Betteson,29,1983-11-17,SS
142,19,Dale,Uccello,29,1984-04-09,3B
143,6,Lurette,Waple,69,1988-07-04,SS
144,29,Kylie,Abramson,20,1988-10-05,SS
145,21,Austen,Matzke,95,1999-08-27,LF
146,8,Sherman,Van der Brug,97,1989-02-25,LF
147,13,Domenico,Lewinton,75,1983-12-24,CF
148,19,Gayelord,Sygroves,27,1985-05-23,LF
149,18,Larisa,Hasell,51,1981-01-24,CF
150,4,Cecil,Tukely,47,1998-08-07,C
151,19,Lorianne,Fearnyough,98,2002-03-11,CF
152,7,Jory,Mc Harg,71,1991-06-21,P
153,8,Harriet,Cicco,13,1987-03-16,2B
154,29,Viv,Theuss,92,1999-09-30,3B
155,14,Nils,Bonett,55,1998-06-28,2B
156,19,Jourdan,Barritt,88,2001-03-13,C
157,10,Rafael,Rentcome,47,1984-05-31,C
158,17,Cam,Witard,2,1993-04-18,1B
159,20,Austin,Dmiterko,46,1982-03-17,3B
160,28,Megan,Camilleri,86,1980-06-03,C
161,22,Robby,Eam,83,1983-03-29,LF
162,27,Chantalle,Grushin,67,1981-08-15,2B
163,15,Karlan,Titchard,33,1987-11-12,LF
164,28,Leoine,Ruppertz,65,1986-04-26,CF
165,28,Geordie,Chasles,12,1989-07-02,RF
166,27,Ofelia,Linch,68,1980-01-02,2B
167,14,Elna,Durtnel,75,1982-10-21,2B
168,4,Sonni,Kieff,3,1995-09-18,1B
169,9,Libbey,Sowood,37,1988-01-16,2B
170,8,Clive,Meltetal,92,1993-12-18,P
171,25,Tony,Harce,60,1986-02-09,LF
172,21,Abey,Covey,28,1982-12-17,CF
173,11,Isiahi,Mahedy,14,1990-09-27,SS
174,29,Stephine,Salandino,23,1995-09-12,CF
175,27,Susette,Leap,70,1985-10-01,1B
176,25,Melodie,Denkin,32,1984-01-09,CF
177,25,Clerkclaude,Fontelles,24,1980-01-15,C
178,6,Ceil,Terrey,62,1990-01-09,RF
179,29,Simone,Kirkman,16,1990-10-19,1B
180,26,Lawrence,Cauderlie,28,1986-08-05,CF
181,17,Ferris,Brigshaw,88,1990-09-27,P
182,3,Maddalena,Townend,16,1992-10-09,CF
183,9,Tiler,Sapsed,23,1989-05-07,SS
184,25,Hashim,Keay,15,2000-09-19,P
185,11,Eben,Mantrip,44,1981-12-13,3B
186,29,Bettine,Eliasson,1,1980-08-19,2B
187,29,Wainwright,Twidale,68,1989-12-06,P
188,11,Doll,Clougher,82,2000-01-09,2B
189,29,Ambrosius,Skayman,19,1984-03-29,3B
190,14,Andrus,Groombridge,53,1984-10-20,SS
191,19,Burr,Beltzner,33,1997-09-05,2B
192,23,Pepita,Petrillo,4,1992-07-05,1B
193,25,Cobb,Dumbreck,19,1999-03-02,CF
194,11,Jacki,Matley,47,1985-09-03,SS
195,10,Nelly,Garnsworth,50,1986-10-02,P
196,13,Grantham,Brunotti,77,1982-02-25,SS
197,30,Margarette,Kristof,11,1989-02-17,3B
198,15,Ansel,McSwan,18,1993-04-03,P
199,12,Sonia,Naulty,31,2002-05-09,2B
200,22,Corry,Lamp,94,1983-02-06,LF
201,26,Fey,Siddle,73,1988-08-12,P
202,9,Lilia,Milhench,35,1993-09-05,2B
203,1,Jere,Gillooly,37,1990-06-23,CF
204,30,Tanhya,Bilbie,37,2000-08-06,CF
205,21,Mattie,Nancekivell,25,2001-06-15,2B
206,1,Waverly,Barrass,32,1997-02-10,RF
207,4,Jasmine,Milbourn,80,1985-07-12,LF
208,28,Licha,Matthewson,60,1994-06-06,LF
209,30,Sheelagh,Raft,80,1987-07-09,1B
210,8,Chiquita,Cowpertwait,81,1993-08-09,P
211,27,Kelcey,Maso,47,1981-02-01,3B
212,24,Alonso,Drew,66,2000-04-27,3B
213,20,Jillana,Monelli,56,1998-03-12,3B
214,2,Morgan,Crowcroft,55,1985-05-28,C
215,11,Judas,Ikringill,55,2000-02-29,2B
216,4,Bernadine,Befroy,69,1994-03-15,2B
217,14,Cari,Benedite,62,1996-07-23,CF
218,4,Lottie,Jaxon,56,1985-01-16,2B
219,2,Quintilla,Gress,36,2001-07-15,RF
220,28,Irma,Grigoli,29,1999-06-22,RF
221,23,Madel,Gammons,22,1999-04-09,RF
222,6,Talbot,Tissier,11,1987-04-01,P
223,21,Tedmund,Leathwood,6,1998-09-19,CF
224,29,Renato,Stubbin,15,1995-03-20,2B
225,28,Chelsey,Pitman,30,2000-06-17,C
226,21,Rhodie,Bourner,5,1988-05-26,SS
227,5,Clerkclaude,Bunner,13,1981-05-25,C
228,18,Kalie,Woolstenholmes,36,1992-10-05,1B
229,21,Dayna,Augustine,21,1999-04-22,SS
230,27,Calley,Wayon,42,1997-06-18,RF
231,15,Jolynn,Rearden,45,1996-01-25,CF
232,5,Tuck,Piddletown,82,1996-06-07,1B
233,9,Alvie,Chatfield,91,1996-08-31,P
234,12,Carly,Chipchase,67,1995-02-18,3B
235,12,Lenora,Knowling,54,2000-08-06,2B
236,23,Rose,Van der Merwe,53,1987-08-26,C
237,17,Sanderson,Tees,16,1982-10-14,P
238,7,Odell,Tinton,27,2000-01-07,SS
239,17,Jesselyn,Insworth,93,1983-04-20,1B
240,15,Cart,Baldocci,66,1993-05-22,SS
241,14,Elberta,Filler,41,1990-09-04,LF
242,8,Martynne,Robilart,90,1998-06-29,3B
243,13,Weider,Seddon,31,1990-07-23,1B
244,7,Berkley,Eckart,59,1981-10-21,3B
245,3,Barclay,Kwietak,41,1984-04-06,1B
246,12,Pammi,Wiltshear,82,1982-05-19,3B
247,24,Sindee,Pitway,51,2000-02-24,C
248,12,Zorana,Mullarkey,4,1998-01-14,P
249,23,Rolph,Coltman,31,1994-11-12,2B
250,11,Nickolas,Garza,57,1991-02-15,LF
251,4,Omero,Petracchi,14,1999-01-28,3B
252,5,Hurlee,Euplate,2,2000-03-09,2B
253,12,Lillis,Manderson,20,1982-08-11,2B
254,25,Richardo,Rockhill,86,1986-07-20,LF
255,12,Marwin,Pashba,66,1999-01-31,RF
256,17,Lisette,Rodmell,9,1980-03-19,SS
257,13,Hobey,Gissop,21,1984-08-30,RF
258,29,Hillard,McCahill,27,1989-06-17,RF
259,4,Boniface,Arnull,21,2001-01-21,P
260,24,Susi,Crosthwaite,1,1999-03-12,CF
261,5,Siegfried,Jaskiewicz,79,1983-05-11,3B
262,10,Elysee,Berrygun,37,1985-07-31,SS
263,17,Joy,Gravett,21,1991-03-16,1B
264,6,Ashley,Sicely,23,1981-12-14,SS
265,6,Cory,McSorley,31,1998-03-02,CF
266,29,Cami,Haddow,26,1988-12-13,LF
267,11,Janetta,Bartolic,44,1995-04-08,CF
268,12,Benny,Bethune,54,1997-04-14,3B
269,22,Vittorio,Dahlbom,15,2000-08-22,2B
270,5,Joey,Eckery,14,1987-06-10,3B
271,20,Justus,Navarro,58,2001-07-02,C
272,3,Benedikt,Blabey,34,1984-03-24,SS
273,4,Leonhard,McGovern,8,1984-04-08,CF
274,2,Sebastiano,Skittle,98,1995-04-14,C
275,8,Urban,Yacobsohn,26,1987-06-25,3B
276,2,Neils,Basset,21,1980-12-10,LF
277,16,Noni,Trenbey,73,1993-05-07,1B
278,4,Claiborn,Pighills,71,1981-05-23,P
279,10,Harlin,O'Scanlon,56,1987-09-09,2B
280,28,Anastasia,Disbrey,38,1999-06-12,3B
281,22,Guillema,Batchelar,81,1995-08-21,3B
282,9,Marguerite,Sumner,84,1993-03-23,CF
283,19,Kinna,Bett,43,1998-10-19,P
284,18,Griselda,Bearns,39,1996-12-16,C
285,22,Davin,Menault,26,1984-02-02,1B
286,19,Anthiathia,Siemons,80,1992-03-14,LF
287,15,Dennie,Yes,54,1985-01-02,RF
288,9,Sanson,Spiaggia,58,2000-11-02,3B
289,29,Jacintha,Whiley,9,1995-06-04,RF
290,10,Ardeen,Ranvoise,87,1996-01-22,3B
291,22,Cordula,Rapaport,19,1985-10-05,3B
292,22,Gelya,Gillimgham,49,1982-01-13,1B
293,22,Barde,Audritt,44,1983-10-12,CF
294,27,Eward,McLugish,23,1994-09-10,C
295,15,Samaria,Earsman,77,1990-11-13,LF
296,8,Julie,Brandt,57,1991-09-16,C
297,7,Camile,Pavyer,77,1993-03-01,C
298,8,Lin,Corsor,59,1980-06-05,P
299,27,Eadie,Zannuto,53,1994-03-20,SS
300,8,Billie,Jone,65,1995-10-05,3B
301,26,Didi,Bigglestone,86,1983-12-21,C
302,29,Perren,Posselwhite,65,1992-05-13,LF
303,28,Link,Heaton,89,1989-06-08,SS
304,5,Dane,Spacy,75,1992-03-02,3B
305,19,Cornelia,Hynes,10,1999-03-14,SS
306,11,Tamarah,Hazeldene,41,1985-05-07,1B
307,10,Kimberlee,Bamling,25,1997-03-26,1B
308,15,Clarette,Pescud,83,2002-09-27,3B
309,17,Nancy,Gosby,82,1988-02-15,3B
310,6,Lincoln,Montford,60,2001-06-02,P
311,1,Kelwin,Donaldson,8,2001-06-23,P
312,20,Barbabra,Janusz,90,2000-07-31,2B
313,3,Elvira,Martindale,96,1988-05-22,RF
314,1,Sofie,Pirouet,20,1989-06-12,LF
315,24,Lottie,Benediktovich,48,1981-02-01,1B
316,7,Shawn,Have,70,1988-07-20,LF
317,5,Aundrea,Winchester,97,1986-08-08,C
318,28,Elna,Kenlin,49,1986-11-11,LF
319,13,Newton,Caveill,32,1992-01-06,LF
320,29,Jameson,Rymour,10,1991-04-25,CF
321,27,Nicol,Gunningham,32,1983-11-20,CF
322,12,Dolli,Farrin,56,1996-01-08,3B
323,5,Neall,Dunlop,24,2001-04-10,2B
324,21,Sibilla,Strowthers,45,1984-05-24,SS
325,27,Wallie,Murcutt,47,1990-02-25,LF
326,6,Gram,MacSharry,99,1990-05-31,RF
327,20,Whitby,Baldacchi,9,1996-11-29,2B
328,4,Lanette,Fawltey,13,1986-05-27,RF
329,13,Giacomo,Sloss,15,2000-08-20,SS
330,22,Nicolina,Lancett,95,1983-04-29,C
331,27,Brooks,Goodluck,34,1995-09-05,LF
332,18,Luke,Brodhead,85,1997-07-07,3B
333,7,Eolande,McKirton,28,1986-08-08,SS
334,10,Lisabeth,Velde,22,1984-07-19,P
335,18,Ange,Mooney,58,1991-06-21,1B
336,17,Patricia,Monnelly,46,1998-12-26,1B
337,10,Fabien,Cannavan,50,1997-12-13,1B
338,24,Celina,Thickpenny,71,1990-02-28,3B
339,28,Royce,Spriggen,33,1988-10-10,2B
340,9,Matty,Chaman,78,1980-05-31,P
341,8,Josephina,Borlease,66,1986-04-17,LF
342,9,Chris,Gladyer,60,1986-02-04,SS
343,24,Everard,Abilowitz,99,1986-03-17,P
344,10,Ange,Fishley,39,1999-09-04,RF
345,26,Maribelle,Gavozzi,17,1988-02-12,P
346,14,Randolf,Pond-Jones,2,1992-03-24,2B
347,19,Douglass,Figin,12,1997-03-06,RF
348,11,Giovanni,Ramet,82,1985-05-29,C
349,4,Tisha,Crummey,34,1982-04-17,3B
350,2,Laurence,Cuseck,75,1980-06-19,SS
351,9,Leoline,Brownbridge,3,1988-08-13,CF
352,17,Belva,Alwin,39,1984-10-01,SS
353,1,Giulia,Nash,99,1981-03-12,2B
354,27,Pierette,Risley,79,1984-04-10,P
355,5,Julius,Heiss,93,1997-02-12,2B
356,25,Oralla,Schonfeld,64,1997-06-07,RF
357,26,Martha,Drewett,41,1996-03-09,2B
358,25,Guglielmo,Durnan,23,1987-08-09,C
359,12,Jo ann,Mateos,82,1982-08-23,LF
360,7,Graham,Yurkevich,65,1995-12-04,1B
361,13,Kamilah,Camus,20,1993-04-26,C
362,19,Brandice,Djokic,50,2002-04-11,2B
363,10,Celesta,Prozillo,53,1981-12-21,3B
364,8,Halsey,Clamo,91,1988-10-25,1B
365,26,Axel,Nano,31,1994-08-19,LF
366,7,Salomo,Betjeman,19,1999-09-06,CF
367,3,Sal,Roke,24,2000-12-11,CF
368,26,Thomasin,Rikkard,69,1990-10-09,CF
369,22,Melloney,Folk,19,1988-02-19,3B
370,19,Cyb,Geldeard,52,1999-03-26,2B
371,23,Lem,Lindroos,57,1980-12-28,P
372,3,Shepperd,Carver,71,1988-07-06,1B
373,8,Hadlee,Habens,20,1992-08-19,CF
374,5,Nina,Drogan,5,1998-08-08,3B
375,30,Florella,Mason,58,1994-02-27,P
376,16,Halimeda,Gladyer,80,1995-03-05,RF
377,7,Candi,Zorzi,1,1984-09-11,LF
378,11,Rasia,Canas,11,1992-07-29,P
379,19,Dniren,Rangell,60,2002-06-05,P
380,16,Tomas,Melmore,45,1989-11-18,LF
381,26,Freddy,Wattins,17,1999-01-29,RF
382,16,Hazel,Tendahl,78,2001-10-12,C
383,2,Adorne,Barnwall,23,1986-07-12,CF
384,26,Isa,Vaillant,19,1997-11-19,2B
385,2,Lockwood,Caplis,95,2002-01-17,1B
386,1,Hermy,Newlin,78,1989-01-07,P
387,1,Philip,Smallridge,48,1986-06-06,CF
388,7,Jaquenette,Flipek,89,1985-01-08,RF
389,16,Karisa,Swenson,88,2000-12-25,3B
390,14,Allin,MacKaig,89,1986-12-15,1B
391,26,Tremain,Le Jean,60,1987-12-23,CF
392,15,Cosimo,Bedder,52,1994-08-10,C
393,14,Dorolice,Keith,13,1989-12-25,3B
394,12,Tallie,Kirkbright,11,1996-10-22,C
395,28,Karna,Leupoldt,43,1982-11-19,1B
396,13,Morley,Tedman,58,2000-08-18,RF
397,15,Connie,Paolinelli,25,1997-10-26,RF
398,23,Orrin,Vallance,55,1983-08-02,RF
399,3,Emmet,Fagge,87,1983-07-12,RF
400,21,Sib,McLugaish,2,1995-05-22,3B
401,11,Halsey,Burdas,22,1987-08-28,2B
402,14,Godwin,Westrope,66,2001-04-12,LF
403,8,Juditha,Bodle,33,1980-05-30,C
404,23,Aldric,Yirrell,63,1992-11-01,P
405,14,Muriel,Fishburn,66,1986-03-14,RF
406,16,Lilllie,Davenhill,99,1994-05-04,CF
407,13,George,Lamkin,89,1986-02-14,2B
408,11,Lefty,Norcott,18,1998-05-21,2B
409,16,Roselle,Peach,69,1989-02-19,LF
410,16,Mateo,Inkpin,66,1986-11-22,C
411,23,Susie,Vasey,12,1989-02-10,P
412,29,Elianora,Capper,35,1983-06-05,3B
413,15,Etta,MacMillan,38,1994-11-26,LF
414,20,Ilario,Braisted,77,1991-08-07,C
415,12,Alberik,Farady,75,1997-04-28,3B
416,26,Lauralee,O'Mahoney,90,1987-10-24,RF
417,20,Dasie,Whittenbury,40,2000-10-05,P
418,26,Addie,Draco,24,2000-03-12,3B
419,20,Gay,Brownsall,25,1983-03-22,1B
420,9,Base,Ison,4,1981-08-01,CF
421,21,Eberto,Pammenter,73,1999-05-29,3B
422,15,Yves,Gabbitas,92,1983-11-24,SS
423,20,Roma,Gores,44,1993-06-06,RF
424,14,Esmeralda,Nation,49,1991-09-18,SS
425,8,Karissa,Tubble,81,1997-02-08,1B
426,2,Hersch,Patron,66,1990-12-29,C
427,22,Elsworth,Josefovic,45,1990-02-07,LF
428,21,Jacki,Napper,93,1993-11-15,3B
429,28,Scarlett,Gypps,36,1983-07-12,2B
430,22,Britte,Rutherfoord,97,1997-07-19,1B
431,17,Daveen,Eckersall,83,2002-09-20,1B
432,20,Sidonnie,Bradlaugh,81,1983-01-15,1B
433,7,Porty,Loakes,83,1985-08-20,3B
434,4,Hayes,Leyden,45,1988-03-09,CF
435,28,Letisha,Innett,13,1987-11-05,1B
436,25,Ephraim,Braam,63,1981-06-10,SS
437,17,Iona,Mullan,16,1984-05-23,2B
438,24,Gypsy,Savery,91,1997-07-04,3B
439,9,Arman,Bartoszek,46,2002-07-09,CF
440,27,Alexine,Andrus,75,2001-08-07,CF
441,5,Lauree,Pattison,15,1985-12-10,2B
442,29,Clarabelle,Beebis,33,1994-04-19,CF
443,19,Kathe,Housbie,83,1994-05-08,3B
444,20,Lilian,Whittlesea,14,1989-05-26,C
445,28,Shurwood,Bourrel,10,1982-08-29,LF
446,18,Bill,Baylie,64,1997-08-08,LF
447,16,Andrew,Di Giacomo,41,1995-07-30,P
448,15,Fabio,Paolotto,52,1993-03-27,P
449,11,Ozzy,McAnulty,76,1985-12-24,1B
450,28,Ameline,Slisby,1,2000-07-18,P
451,6,Shelagh,Camell,50,1986-09-14,SS
452,15,Brit,Studdard,47,1996-06-26,CF
453,6,Kenyon,Cammish,86,1998-12-23,1B
454,18,Jemie,Atlay,72,1998-07-19,LF
455,28,Amalie,Jaine,35,1980-04-16,2B
456,14,Cally,Harniman,85,1983-02-26,P
457,29,Niels,Stollenbecker,87,1982-09-29,P
458,11,Sondra,Gane,38,1996-02-07,1B
459,21,Cly,Bedells,13,1992-03-07,SS
460,16,Carlene,Grundy,24,1993-03-20,3B
461,25,Nickey,Carnoghan,97,1989-09-01,1B
462,14,Marti,Klimontovich,46,2002-03-28,CF
463,30,Lennie,Hardeman,53,1985-10-28,CF
464,18,Hartley,Yerill,49,1984-07-30,RF
465,21,Free,Fenna,49,1987-03-23,1B
466,8,Gayle,Cholomin,17,1996-06-28,RF
467,21,Susanne,Clashe,90,1991-05-04,2B
468,23,Evonne,Obell,27,1987-11-21,SS
469,12,Barnabas,Holt,91,1989-01-25,3B
470,4,Elmira,Kochlin,20,2000-05-13,SS
471,7,Lilian,Finkle,1,1994-06-23,CF
472,28,Skipton,Grimmolby,15,1999-02-27,C
473,29,Luis,Marham,83,1983-06-09,2B
474,2,Ella,Dussy,69,1986-07-04,LF
475,22,Traver,Goligher,99,1998-01-05,1B
476,3,Stepha,Warin,14,1991-07-09,RF
477,16,Baryram,Rozet,12,2002-08-03,P
478,20,Dalenna,Iannetti,91,1994-03-03,SS
479,23,Charmian,Maulin,43,1980-09-13,1B
480,20,Boigie,Grayshon,59,1998-12-12,CF
481,4,Chiquita,Costain,89,1995-02-24,P
482,17,Berty,Swapp,93,1997-09-07,RF
483,8,Nicol,Capun,1,1993-08-30,CF
484,20,Pammy,Dodsley,93,1986-05-16,2B
485,14,Kenon,Chappell,84,1988-11-21,LF
486,10,Flore,Ramirez,95,1995-06-20,C
487,26,Barrie,Burchill,65,1987-12-08,LF
488,6,Heath,Axtell,52,1981-05-15,C
489,17,Odette,Pietrzak,27,1995-10-15,RF
490,13,Godfry,Grievson,41,1980-09-02,LF
491,1,Glendon,Skelton,95,1999-09-05,P
492,14,Halimeda,Duddle,66,1997-11-10,3B
493,17,Briney,Capnerhurst,88,1981-06-29,3B
494,6,Kynthia,Egentan,30,1997-05-25,2B
495,2,Bailey,Rainville,72,1995-10-17,C
496,17,Sybyl,Durbyn,7,1987-01-16,CF
497,16,Tiphanie,Romi,72,1994-07-23,1B
498,24,Willi,Darnborough,86,1980-06-23,C
499,12,Uriah,Gorringe,84,1988-04-30,LF
500,30,Dru,Mackstead,29,1984-01-09,3B
501,2,De,Muckersie,4,1993-05-26,3B
502,30,Leisha,Martine,18,1984-03-30,2B
503,3,Bree,Bere,67,1985-05-10,1B
504,28,Marlyn,Drewet,64,1987-04-08,SS
505,16,Kally,Readett,10,1989-01-06,C
506,29,Yorgos,Ling,4,1985-08-11,1B
507,16,Blakelee,Cannaway,37,1987-12-25,SS
508,4,Marya,Laingmaid,19,1995-11-08,RF
509,27,Ivor,Woollin,25,1983-09-14,RF
510,11,Karrie,Dyka,36,1983-06-25,SS
511,24,Ricky,Smittoune,74,1992-04-02,1B
512,22,Woodrow,Bumpass,42,1998-06-09,1B
513,3,Roland,Balsdon,7,1989-08-27,1B
514,2,Lorne,Sorton,81,1980-05-27,2B
515,28,Timothy,Cumberpatch,30,1997-06-30,1B
516,8,Ilyse,Simion,34,1982-01-25,CF
517,1,Ina,Rohlf,2,1981-02-14,SS
518,1,Augusta,Gourlie,81,1993-06-07,RF
519,18,Rena,Chilcotte,2,1982-10-29,3B
520,24,Silvana,Parbrook,24,1992-02-22,LF
521,1,Thaine,Balsom,3,1990-12-03,SS
522,23,Farrah,Riddock,54,1980-03-19,RF
523,12,Harman,Shwenn,83,1986-11-13,2B
524,30,Gabi,Latey,44,1997-08-25,CF
525,14,Courtnay,Redhole,18,1996-07-02,LF
526,15,Cordi,Compton,24,2000-07-20,P
527,13,Hilton,Kildale,66,1986-04-03,C
528,14,Mariel,Mc Grath,74,1997-12-08,SS
529,7,Sofie,Clemes,72,1984-12-29,LF
530,22,Carolynn,Perllman,95,2000-04-25,2B
531,6,Wesley,Mulchrone,36,1990-01-04,LF
532,11,Rosita,Deeley,64,1999-12-06,LF
533,18,Way,Shimmin,46,2002-03-04,2B
534,1,Innis,Wyeld,70,1985-02-09,RF
535,21,Reidar,Soal,24,1981-02-22,C
536,29,Dinnie,Graalman,63,1990-02-16,1B
537,9,Kennan,Stobbs,52,1993-11-18,CF
538,29,Abbe,Bicknell,54,1988-02-09,2B
539,15,Fielding,Major,39,1986-01-24,CF
540,11,Sharla,Popland,4,1999-07-30,CF
541,7,Regan,Dineen,88,1982-04-30,C
542,12,Julita,Alexsandrowicz,93,1984-08-15,P
543,20,Lari,Shingler,73,1986-10-28,RF
544,12,Gregg,Giovannardi,62,1982-08-29,C
545,29,Armand,Deverall,33,1989-08-30,1B
546,1,Ketty,Kildale,61,1984-11-09,C
547,22,Vale,Loving,10,1999-08-28,CF
548,16,Hugues,Huxton,23,1988-04-10,P
549,22,Dominga,Glasscock,59,1984-06-09,C
550,2,Carmelle,Redwin,42,1992-06-05,2B
551,27,Clementius,Pattie,77,1981-09-09,3B
552,7,Catlin,Zanussii,39,1983-08-01,SS
553,9,Ki,Abadam,80,1988-05-31,CF
554,30,Alyssa,Dandison,92,2000-12-15,C
555,29,Nat,Mandrier,28,1994-06-18,2B
556,28,Rivi,Ever,96,1985-11-19,1B
557,6,Mark,Earengey,8,1983-05-24,CF
558,20,Caresa,Sexton,91,1990-08-18,C
559,5,Alethea,Scapelhorn,77,1997-06-08,2B
560,23,Janet,Frith,37,1989-01-01,2B
561,16,Mitch,Bourne,63,1993-12-07,RF
562,1,Noam,Brozsset,34,2000-02-09,SS
563,2,Flem,Tutill,4,1992-06-14,3B
564,10,Marsiella,Drysdall,42,1985-10-05,C
565,23,Donella,Andreucci,54,1994-05-28,CF
566,26,Ania,Ebdon,36,1995-03-10,SS
567,28,Port,Pardy,69,1997-07-14,P
568,11,Cassy,Caghy,4,1990-10-01,3B
569,20,Camellia,Claworth,70,1984-11-20,C
570,22,Chance,Schulter,60,1990-07-12,RF
571,23,Massimo,Leversha,29,2001-04-13,LF
572,19,Olivier,Hellis,47,2000-06-30,1B
573,5,Dominique,Brun,34,1993-01-29,SS
574,24,Melisenda,Cometson,86,1994-10-20,3B
575,29,Pebrook,Carless,30,1994-02-15,2B
576,22,Sioux,Bemlott,49,1997-08-07,SS
577,16,Justen,Grafton-Herbert,61,1982-03-06,RF
578,27,Willy,Poker,74,1991-06-25,LF
579,16,Nelson,Keddle,63,1991-06-06,RF
580,19,Yetta,Kiellor,30,1980-07-24,SS
581,19,Robinette,Althorp,65,1997-11-24,SS
582,13,Luigi,Crate,39,1982-05-17,3B
583,1,Alberik,Gartland,6,1987-08-13,P
584,2,Antone,Raven,5,1983-12-24,SS
585,17,Chelsea,Reeveley,49,1985-01-25,P
586,24,Junina,Dmych,67,1988-01-19,RF
587,28,Ulrick,Redferne,7,1988-04-19,C
588,29,Olia,Flintiff,86,1992-04-19,RF
589,4,Etta,Feveryear,29,1984-08-31,C
590,3,Way,MacGillacolm,32,1980-06-22,2B
591,7,Farris,Kermitt,84,2002-06-06,SS
592,23,Forrest,Auston,92,1998-10-24,2B
593,15,Della,Gottelier,59,1995-11-25,3B
594,24,Jard,Ewbank,55,2000-01-04,1B
595,5,Saraann,Arunowicz,46,1989-04-11,C
596,9,Wilhelmina,MacCoughen,49,1993-09-03,LF
597,28,Keith,Berkowitz,50,2001-06-17,C
598,22,Yorke,Poyntz,86,1980-01-29,LF
599,15,Orelee,Fells,49,1992-09-09,CF
600,16,Rahal,Jiroutka,19,1984-05-22,2B
601,26,Edvard,Hise,93,1995-12-02,3B
602,12,Britt,Seamer,48,1994-11-27,3B
603,20,Cathe,Torregiani,59,1995-04-04,CF
604,2,Bobbie,Farloe,28,1987-03-29,CF
605,9,Vaughan,Ruoff,87,1991-11-26,3B
606,26,Al,Egalton,57,1981-12-21,SS
607,7,Skipp,Paley,75,1989-09-21,3B
608,23,Vaughn,Thurlow,32,1992-04-02,LF
609,17,Archy,Bennett,76,1994-11-05,1B
610,25,Luz,Manwell,30,1993-01-29,RF
611,9,Elton,Londer,61,2001-05-10,CF
612,4,Kip,Bubbear,71,1996-06-06,2B
613,2,Berna,Jewess,38,1992-01-02,RF
614,7,Mellicent,Lidstone,28,1980-03-15,C
615,23,Lazar,Doodson,24,1988-10-22,CF
616,27,Sterling,Swynfen,8,1984-07-27,RF
617,6,Nona,Ratchford,92,1984-06-18,LF
618,16,Iorgos,Rixon,25,1996-08-07,SS
619,26,Dela,Giacoppo,24,1992-12-03,P
620,21,Worthy,Brum,62,1991-09-27,2B
621,14,Vail,Gosson,88,1983-08-10,LF
622,19,Gregorius,Secrett,83,1992-07-16,1B
623,12,Rafaelia,McShee,62,1987-02-08,2B
624,5,Maggee,Stroud,97,1981-06-11,C
625,23,Tobye,Woolveridge,10,1998-05-07,3B
626,30,Nedda,Wilmut,20,1987-11-17,3B
627,20,Ivar,Orrin,79,2000-01-18,RF
628,1,Theda,Titterell,43,1994-12-09,3B
629,18,Aguistin,Heinschke,85,1996-05-05,1B
630,6,Perle,Gerry,24,1998-05-30,C
631,14,Jenda,Pridmore,26,1995-09-23,2B
632,16,Torrey,Eberts,48,1998-12-04,2B
633,9,Jacinta,Tullis,75,1993-08-12,LF
634,27,Nert,Alman,17,1995-05-19,1B
635,13,Malanie,Liddiatt,28,1981-11-17,RF
636,21,Carolee,Purselowe,68,1988-06-15,P
637,8,Frannie,Northleigh,54,1987-06-01,3B
638,10,Valerye,Colles,57,1992-11-09,P
639,9,Langston,Smooth,18,2000-08-19,2B
640,19,Fabe,Melross,27,2001-09-26,1B
641,2,Hyatt,Bilham,77,1998-08-17,CF
642,21,Ellyn,Children,93,1994-07-26,P
643,8,Dulciana,Strover,10,1997-07-27,C
644,20,Allie,Lathan,39,1998-07-30,SS
645,24,Winifield,MacClay,26,1991-07-27,C
646,5,Kizzie,Barhems,7,1990-01-26,C
647,24,Del,Morat,91,1988-11-09,RF
648,21,Garth,Till,20,1983-07-19,3B
649,15,Carmine,O'Kerin,69,1980-06-03,C
650,26,Ollie,Adamovicz,31,1989-01-05,P
651,20,Jehanna,Zaczek,72,1990-02-23,RF
652,20,Aubree,Escala,52,1984-02-13,SS
653,20,Bendite,Gonning,7,1992-10-23,SS
654,8,Manda,Mortlock,14,1988-05-13,CF
655,7,Marlon,Mundie,81,1995-12-09,2B
656,19,Maurine,Snowling,4,2002-03-24,LF
657,16,Gert,Feighney,56,1992-05-29,1B
658,15,Morganica,Dallas,18,1980-04-14,SS
659,22,Lulu,France,67,1989-05-28,SS
660,10,Eddy,Bugden,79,1985-09-10,C
661,26,Tabbie,Schlagtmans,39,1996-10-18,SS
662,15,Lulita,Exposito,32,1989-07-01,C
663,15,Rosalynd,Jon,53,1990-12-09,C
664,19,Marcus,Dussy,15,2000-06-24,P
665,4,Fleur,Ausher,24,1991-02-21,3B
666,3,Tanitansy,Ravenshaw,16,1998-12-20,CF
667,24,Gary,Simmons,27,1985-05-12,LF
668,3,Franzen,Chaves,83,1990-03-12,RF
669,6,Jonathan,Huccaby,20,1995-01-04,1B
670,8,Brig,Duce,59,1999-11-02,SS
671,23,Lucas,Persehouse,9,2002-05-25,C
672,30,Johny,Millom,80,1999-04-16,RF
673,16,Anstice,Ping,84,1983-03-01,2B
674,3,Karleen,Jurs,55,1996-12-30,P
675,23,Dido,Bonsey,40,1980-05-29,CF
676,12,Rufe,Dobrowlski,11,1996-06-02,SS
677,14,Ephrayim,Fettes,24,1985-01-18,LF
678,24,Darnall,Creek,66,1980-03-24,RF
679,27,Burton,Yarnell,22,1999-06-27,LF
680,12,Martguerita,Edsell,80,2002-02-28,2B
681,23,Lois,Duell,16,1990-09-03,CF
682,3,Venus,Blackham,16,1995-01-29,P
683,17,Brianne,Dorot,65,1995-10-17,C
684,8,Jakie,Baukham,73,1986-11-12,CF
685,7,Ofilia,Isham,54,1995-11-08,1B
686,17,Sib,Panner,34,1989-07-12,CF
687,13,Christabel,Dutch,55,1993-03-06,3B
688,22,Keven,Grombridge,23,1996-06-01,RF
689,23,Armando,Pinock,40,1996-08-25,RF
690,23,Hedy,Inchcomb,94,1981-09-03,LF
691,27,Cherin,Domican,17,1982-05-18,CF
692,22,Ulises,Kubin,73,1996-03-23,LF
693,21,Shay,Loseby,66,1996-12-23,LF
694,25,Letty,Rowbottom,48,1980-04-13,C
695,7,Corly,McShane,28,1982-03-20,RF
696,19,Bethena,Dameisele,95,1997-03-18,P
697,6,Aldo,Kidman,73,1987-10-07,1B
698,26,Karin,Nehls,62,1992-04-20,C
699,4,Sigfrid,Ludgate,27,1980-01-10,2B
700,17,Pierette,Arends,10,1984-01-12,LF
701,26,Silva,Kirimaa,25,1983-05-31,RF
702,17,Cass,Vogele,71,1980-08-20,RF
703,27,Briano,Winsborrow,76,1991-12-27,RF
704,6,Gradeigh,Izak,15,1980-06-03,LF
705,28,Jessamyn,Sheard,54,2000-11-11,C
706,8,Felix,Beal,89,1993-12-07,3B
707,2,Anita,Bampkin,86,1987-03-10,CF
708,1,Katusha,McKirton,61,1981-04-08,SS
709,8,Eilis,O'Hartigan,17,1989-06-09,CF
710,21,Tess,Stirtle,82,1997-02-12,LF
711,28,Emma,Ginglell,5,1997-12-09,RF
712,27,Nola,Lorenzin,30,1980-07-20,RF
713,15,Chariot,Huyche,89,1990-08-24,2B
714,13,Ilyse,Dart,53,1990-11-19,RF
715,25,Jonell,Cliff,97,1997-05-07,SS
716,29,Gertrude,Eldrid,44,2001-11-13,2B
717,1,Trevor,Houchen,23,1994-08-14,P
718,21,Mercie,Moyler,12,1999-02-10,P
719,26,Caralie,Sholl,80,1998-01-01,C
720,25,Vivian,Arrandale,57,1993-03-23,1B
721,25,Mattias,Kibble,78,1996-10-04,C
722,10,Artemus,Taye,2,1985-11-14,2B
723,13,Donielle,Van der Kruys,30,1989-08-10,2B
724,18,Trisha,Imort,5,1997-04-26,P
725,28,Annice,Arstall,17,1983-08-18,SS
726,21,Adolphus,Corryer,13,1982-05-13,CF
727,4,Zebadiah,Londesborough,13,1994-09-21,LF
728,5,Ethelbert,Westrey,28,1990-10-25,C
729,2,Pen,Lanfear,39,1981-12-30,C
730,1,Kailey,Vibert,45,2000-01-28,1B
731,18,Georgeta,Huntington,51,1986-09-28,CF
732,16,Morten,Sharpless,99,1981-01-09,C
733,20,Giovanni,Mateos,1,1988-06-06,P
734,2,Fifi,Prebble,32,1981-03-31,C
735,24,Borg,Coulston,55,2002-04-02,3B
736,27,Grange,Nossent,53,1997-10-06,2B
737,8,Oates,Laba,24,1983-04-16,1B
738,7,Stavros,Robyns,80,1993-02-09,2B
739,12,Roxy,Pidwell,36,1990-10-05,2B
740,7,Jo-anne,Stilldale,60,1995-08-03,1B
741,23,Adolf,Cranage,46,1983-03-11,RF
742,19,Elicia,Avramow,78,1994-10-09,SS
743,19,Car,Kidstoun,86,2001-04-17,2B
744,11,Faye,Chidzoy,42,1988-02-05,P
745,27,Jocelyne,Capron,70,1988-11-09,1B
746,29,Joannes,Withinshaw,63,1999-12-27,C
747,1,Debby,Spilsburie,53,1997-12-11,RF
748,24,Adair,Huyton,5,2001-01-06,LF
749,4,Linnea,Ivins,59,1991-04-03,RF
750,18,Anthia,Lovemore,1,1989-10-16,LF
751,26,Giovanna,Bracco,91,1983-10-29,3B
752,24,Roarke,Hadenton,62,1983-11-05,1B
753,25,Miof mela,Tippings,49,1988-05-01,SS
754,18,Tanney,Beecham,63,1987-04-07,2B
755,30,Thorndike,Uren,36,1987-02-23,2B
756,30,Berti,Wernher,79,1992-09-06,3B
757,27,Jerrie,Beverstock,51,1996-08-05,C
758,7,Roselia,Oxburgh,37,1989-10-29,2B
759,6,Lurette,Kruszelnicki,45,1990-06-14,3B
760,27,Leah,Janota,25,1982-06-15,LF
761,28,Jaine,Elvy,95,1982-09-17,1B
762,13,Sherill,McLucky,34,1991-09-13,LF
763,5,Yale,Thornber,8,1989-12-25,P
764,26,Ingeberg,Huffa,12,2002-01-05,SS
765,28,Chauncey,Denkin,69,1986-01-27,3B
766,17,Fifi,Bavester,2,1993-02-09,SS
767,4,Leonid,Lethibridge,9,1991-12-26,1B
768,17,Dougy,Clotworthy,56,1998-09-15,LF
769,17,Karlis,Gurling,16,1982-04-22,P
770,27,Rip,France,81,1988-03-24,LF
771,18,Micheal,Duggen,17,2000-09-29,SS
772,13,Emmott,Muffitt,9,1982-06-18,CF
773,20,Bennie,Eyton,48,1994-05-20,SS
774,18,Lolita,Bolsteridge,35,1988-09-25,3B
775,30,Barris,Duckerin,46,1983-03-02,2B
776,29,Sheffy,Cotilard,88,1994-05-06,SS
777,15,Merlina,Searjeant,43,1990-03-02,3B
778,3,Bennett,Brailsford,86,1989-01-29,1B
779,16,Sonia,Brenton,43,1989-12-20,SS
780,21,Benton,Behrendsen,54,1991-10-31,P
781,28,Bartlet,Summerly,71,1981-08-08,SS
782,11,Bobina,Goodread,53,1999-05-19,LF
783,24,Dyann,Rissom,11,1981-02-17,1B
784,27,Britte,Delyth,3,1986-08-31,RF
785,19,Kizzie,Calleja,66,1997-06-15,RF
786,30,Phillipp,Gledhall,29,1984-09-08,RF
787,14,Annabell,Fremantle,36,1981-03-08,1B
788,1,Salomon,Abrahim,21,1986-05-13,2B
789,14,Monique,Cordell,63,1996-02-06,CF
790,21,Ody,Tittletross,72,2001-04-12,C
791,26,Melisandra,Hew,88,1980-01-04,P
792,12,Jeanine,Klemencic,90,1986-08-02,CF
793,13,Dana,Tupie,49,1983-04-07,1B
794,11,Marshal,Tesoe,50,1984-09-07,LF
795,26,Timmie,Jendricke,12,2000-09-10,CF
796,26,Opal,Haggeth,19,1984-04-21,LF
797,4,Elise,Donnelly,50,1994-12-01,RF
798,17,Rebecka,Poultney,37,1994-12-22,P
799,25,Alfi,Saunier,36,1982-11-30,RF
800,10,Philipa,Stonall,50,2002-12-16,C
801,22,Caressa,Whittlesea,43,1994-09-23,1B
802,20,Valle,Pagett,5,1994-03-04,LF
803,14,Retha,Rosebotham,40,1988-11-19,1B
804,9,Edin,Chiommienti,14,1992-12-11,SS
805,26,Aggie,Middle,68,1983-02-16,2B
806,30,Stacee,Pottiphar,71,1991-11-06,SS
807,15,Brendan,Bramhill,31,1998-05-26,P
808,4,Weston,Bengochea,70,2001-10-16,CF
809,7,Eada,Stodhart,75,1994-07-12,LF
810,19,Lorain,Lowther,71,2001-01-12,P
811,2,Cindra,Artin,5,1983-02-21,LF
812,7,Salim,Casperri,32,1993-12-27,3B
813,25,Erina,McSperrin,33,2001-11-23,P
814,30,Barth,Dickerline,35,1988-02-21,3B
815,2,Dedra,Willoughey,53,1984-12-29,RF
816,29,Raphaela,Marzella,61,1996-01-12,LF
817,1,Orsa,Douglass,12,1992-09-02,1B
818,25,Fairleigh,Matschoss,82,1991-02-15,2B
819,24,Devinne,Florentine,50,1994-12-26,C
820,17,Pammy,Claringbold,58,1997-03-05,P
821,12,Chance,Boorne,75,1989-06-11,SS
822,14,Adria,Kissock,56,1994-09-21,P
823,30,Wait,Coughtrey,97,1987-09-02,P
824,25,Audrye,Clericoates,86,1999-01-12,LF
825,25,Suzette,Sivil,85,1985-03-31,C
826,13,Cheslie,Dampier,58,1986-11-04,1B
827,22,Amalle,Babar,44,1980-05-10,2B
828,17,Alexandre,Dreini,6,1985-07-08,P
829,1,Vidovik,Portinari,22,1992-06-13,LF
830,18,Bat,Schulter,7,1998-04-13,C
831,14,Thom,Scrange,42,1985-03-07,LF
832,7,Hayyim,Benedit,8,1992-04-25,2B
833,2,Bart,Lakeland,23,1993-03-16,3B
834,25,Doria,Godon,34,1995-04-09,SS
835,8,Janela,Huckle,69,1981-05-25,P
836,3,Stacy,Eason,99,1988-10-08,C
837,6,Abagail,Dragge,29,1981-03-10,P
838,23,Zorine,Clapton,20,1981-07-14,C
839,24,Nance,Surmeir,36,2002-10-12,C
840,23,Holly-anne,Cadle,86,1999-02-10,LF
841,20,Eleanora,Marwood,82,1983-10-24,3B
842,27,Scarlett,Aston,69,1996-01-21,3B
843,29,Seward,Ratledge,81,2002-03-15,RF
844,30,Delmore,Gair,47,1981-01-21,3B
845,17,Dorette,Tippett,1,1986-05-15,CF
846,1,Osgood,Goodricke,98,1993-11-22,3B
847,27,Morie,Billingsly,95,1998-11-30,CF
848,3,Darrell,Cowill,92,1991-05-14,CF
849,12,Berte,Wensley,74,1984-10-14,RF
850,12,Sabine,Bigly,95,2001-09-17,1B
851,24,Hertha,Habble,17,1987-01-12,1B
852,24,Peri,Georgiev,77,2001-06-18,RF
853,9,Deeann,Joist,50,1989-11-05,P
854,29,Davita,Trobey,94,1980-01-15,LF
855,24,Hagen,Champley,20,1980-07-08,CF
856,20,Carmelina,Harrod,93,1997-09-03,C
857,1,Hephzibah,Tweed,52,1981-03-17,2B
858,4,Minnaminnie,Sennett,11,1982-12-19,CF
859,24,Madalena,Pinnocke,60,1984-08-27,1B
860,20,Alvin,Hasker,39,1998-03-27,2B
861,14,Codie,Pilpovic,92,1998-03-10,P
862,28,Bendite,Avrahamoff,96,1989-02-07,RF
863,23,Addi,Cage,25,1992-05-07,SS
864,7,Sibelle,Heild,59,1999-06-28,1B
865,17,Alyosha,Stanyon,51,1982-01-10,P
866,5,Dew,Wooff,91,1994-02-08,SS
867,19,Madelaine,Godfree,84,1995-10-22,CF
868,30,Michaela,Swaine,81,1998-10-29,CF
869,9,Kit,Parcells,56,1982-10-17,C
870,25,Lani,Harrower,89,1988-03-14,RF
871,7,Rhett,Prozescky,51,1989-03-05,P
872,1,Marlene,Claworth,62,1996-08-02,2B
873,1,Arabella,Cheson,58,1998-01-05,P
874,19,Conan,Measham,11,1997-06-11,RF
875,13,Olia,Carty,65,1982-04-02,2B
876,11,Concordia,Shieldon,58,1992-09-22,LF
877,27,Dolph,Downage,54,1989-11-20,P
878,27,Lars,Henningham,72,1983-09-29,1B
879,30,Hinze,Seiter,91,1993-05-15,3B
880,19,Paulo,Low,83,1980-08-15,SS
881,26,Biddy,Noor,97,1994-07-04,RF
882,8,Frazer,Basini-Gazzi,90,1993-04-16,3B
883,15,Tad,Attwooll,48,1981-01-26,LF
884,28,Editha,Inskipp,80,1981-06-25,C
885,4,Alex,Panther,93,2002-10-21,CF
886,22,Neda,Quantrell,76,1982-03-03,C
887,19,Fiann,Goater,58,1981-05-02,SS
888,1,Shea,Durkin,3,1982-12-20,C
889,17,Niels,Ilyukhov,41,1988-07-11,SS
890,14,Lenna,Bolwell,29,1984-09-22,RF
891,27,Nappy,Sprason,4,1991-02-25,RF
892,18,Tiffie,Hardison,28,1989-11-03,3B
893,12,Chevalier,Muehler,92,1989-06-08,1B
894,19,Tamra,Rubartelli,29,1995-04-15,2B
895,15,Adena,Wholesworth,80,1991-04-28,2B
896,11,Desi,Ericssen,97,1997-06-12,CF
897,8,Garvin,Axtonne,43,1997-05-30,3B
898,25,Celestyna,Ziehm,59,1988-03-25,1B
899,12,Ealasaid,Coyett,97,1999-07-25,P
900,30,Cullan,Ducham,43,2002-05-22,CF
901,7,Gwenneth,Pavese,19,1988-04-16,SS
902,3,Kristy,Vellacott,56,1992-10-14,3B
903,30,Benedicto,Huttley,99,1991-06-02,LF
904,18,Earle,Le Merchant,48,1998-04-16,SS
905,28,Arleyne,Kindread,93,1994-04-22,2B
906,29,Niel,Oluwatoyin,45,1986-09-12,3B
907,24,Lexy,Olphert,94,2000-06-10,3B
908,7,Othelia,O' Kelleher,16,1980-05-24,RF
909,1,Benji,Lucken,79,1990-12-10,C
910,14,Donnajean,Drinkhall,69,1995-08-12,1B
911,18,Nevin,Messager,77,1993-04-17,P
912,6,Elaina,Hutsby,47,1983-03-03,1B
913,13,Harli,Banner,94,2002-06-16,1B
914,5,Coral,Hacaud,79,1985-01-27,P
915,27,Fairleigh,Mahody,11,1996-02-14,C
916,20,Glen,Ebbetts,9,1993-05-27,P
917,21,Korry,Bollans,67,1982-10-08,P
918,5,Dorella,Banbury,37,1992-05-12,2B
919,23,Korrie,Sponer,87,1983-10-26,LF
920,29,Josy,Milton-White,50,2002-06-20,LF
921,17,Sergio,Rubartelli,93,1984-03-19,1B
922,21,Nadean,Broadstock,39,1992-12-06,SS
923,19,Claudell,Speakman,35,1983-01-15,RF
924,25,Derrick,Blaszkiewicz,80,1994-05-08,2B
925,9,Hendrik,Stell,54,1983-11-09,P
926,19,Fae,Drewell,42,1990-07-21,RF
927,11,Tracy,Beames,32,1988-06-28,CF
928,24,Maggy,Menier,31,1985-07-02,CF
929,4,Fanchon,McBeath,37,2000-03-24,C
930,3,Sauncho,Mitro,73,1985-06-21,SS
931,6,Christie,Martinon,92,1981-05-26,1B
932,4,Devland,Vaggs,92,1982-06-10,SS
933,22,Maegan,Bulluck,69,2001-08-09,CF
934,4,Dorisa,Braidford,53,1995-05-31,CF
935,9,Alexa,Coutts,75,1984-03-18,LF
936,24,Brand,Scamaden,5,1992-11-07,RF
937,13,Elliott,Yoodall,47,1985-08-11,RF
938,13,Genny,Wrightham,15,1988-12-01,LF
939,1,Gabriello,Bleddon,44,1981-05-04,C
940,21,Catrina,Ceillier,1,1999-12-23,RF
941,13,Baxter,Hopewell,13,1997-08-23,RF
942,13,Freddie,Croxon,97,1995-12-02,1B
943,19,L;urette,Edmand,49,1995-11-02,RF
944,23,Hillary,Patek,42,2000-05-26,3B
945,8,Levey,Hambatch,35,1999-12-23,3B
946,4,Kelvin,Cornes,30,2000-09-28,RF
947,23,Lemuel,Bitten,6,1995-11-03,CF
948,30,Desmond,Vanyakin,77,1985-01-07,LF
949,27,Van,Rodgier,18,1980-06-03,CF
950,11,Rodolph,O'Dunneen,54,1999-11-01,C
951,20,Pete,Stoeckle,65,2000-04-29,SS
952,15,Justina,Bewsey,61,1981-08-06,RF
953,7,Luisa,Lukovic,47,1982-10-13,LF
954,10,Sophi,Roscrigg,24,1990-10-11,SS
955,24,Lyndy,Node,48,1987-11-25,RF
956,24,Carlin,Wintringham,70,1991-02-18,LF
957,9,Dorisa,Richie,23,1981-12-14,CF
958,10,Dieter,Cayton,85,1980-10-21,1B
959,12,Marika,Tibbs,63,1989-06-28,P
960,30,Adamo,Dachs,74,1998-05-01,P
961,4,Nicko,Probey,71,1994-12-05,3B
962,4,Linoel,Mainland,12,1996-09-26,P
963,25,Oriana,Todd,71,1990-01-05,RF
964,8,Eda,Sings,13,1991-10-03,3B
965,30,Joline,Garmey,79,1987-12-16,CF
966,16,Hartwell,Crouse,35,1980-10-25,SS
967,28,Brigida,Chate,67,1990-08-15,2B
968,1,Lamont,Czyz,54,1999-12-10,C
969,13,Erick,Sansum,82,1986-02-12,RF
970,13,Elonore,Sighard,44,1980-03-20,1B
971,26,Roda,Garr,72,1981-10-30,2B
972,1,Addison,Taffurelli,73,1981-01-11,2B
973,2,Regan,Nigh,46,2001-10-12,LF
974,8,Yorgos,Gerasch,18,1986-10-18,2B
975,23,Ethelin,Huckerby,30,1981-11-04,C
976,29,Morganne,Crutch,91,1990-06-05,C
977,27,Beitris,Wheelband,86,1993-09-23,2B
978,1,Horten,Thorpe,17,1982-01-08,C
979,21,Sileas,D'Cruze,15,2002-02-05,RF
980,30,Leeland,Knight,38,1987-02-06,3B
981,8,Freedman,McCready,11,2001-02-25,LF
982,8,Robbie,Saterweyte,98,1981-02-06,2B
983,3,Sarena,McDavid,68,1983-05-29,2B
984,12,Clotilda,Aynold,45,1985-12-17,3B
985,18,Zacharias,Bischoff,42,1986-09-09,1B
986,29,Nicolle,Dorant,28,1989-05-17,1B
987,27,Cullie,Armin,87,2002-08-21,CF
988,7,Wain,Fyers,41,1991-02-23,C
989,1,Buck,Radleigh,36,1990-08-09,C
990,22,Ellette,MacDowall,1,1982-01-08,LF
991,26,Jesus,McCullogh,21,1988-10-29,LF
992,17,Sargent,Draijer,71,1983-12-14,1B
993,11,Patrizio,Willbond,76,1982-07-30,P
994,30,Orelee,Baudesson,17,1986-11-04,1B
995,1,Mohandas,Brouard,24,1998-11-25,3B
996,22,Haskell,Reuss,92,1991-07-05,RF
997,25,Sly,Girault,42,1987-10-12,RF
998,28,Jenn,Gerram,49,1999-07-28,2B
999,3,Loydie,Rosten,52,1980-05-29,2B
1000,30,Sandye,Woodus,65,1998-07-25,2B
